total_score,chip_score,left_side_score,bollinger_score,granville_score,reasons,stock_id,market,price,kd_k,kd_d,bias_60,boll_bandwidth,boll_position,granville_signal,left_side_applicable,left_side_pullback_pct,left_side_typical_pullback_pct,name,industry,avg_volume_lots,avg_turnover
74.5,41.0,20.0,6.0,7.5,"['千張大戶持股比例近2週變化 +0.35 個百分點', '股東人數近2週變化 -1.65%（下降代表散戶籌碼流出、籌碼集中）', '近14個交易日三大法人合計買超 31,951 張（約當期成交量 6.2%）', '近23個交易日融資餘額變化 -13.51%（下降代表籌碼較乾淨）', '近120個交易日內量增創高354.00元（48日前），目前拉回17.7%，已拉回至季線附近或以下，歷史慣性拉回幅度中位數約15.9%', '布林型態中性，無明顯訊號（帶寬28.4%, 型態=wide, 位置=middle, 開喇叭=否）', '未明顯符合葛蘭碧買賣點規則']",2449,TWSE,291.5,41.9260035827422,52.049661855557744,-4.824095992163898,0.2835553953017754,middle,neutral,True,17.65536723163842,15.9140332993544,京元電子,半導體業,36604.3,11812018521.0
73.0,33.5,20.0,12.0,7.5,"['千張大戶持股比例近1週變化 +0.47 個百分點', '股東人數近1週變化 -1.20%（下降代表散戶籌碼流出、籌碼集中）', '近14個交易日三大法人合計買超 1,648 張（約當期成交量 4.1%）', '近23個交易日融資餘額變化 +9.51%（下降代表籌碼較乾淨）', '近120個交易日內量增創高2940.00元（49日前），目前拉回39.6%，已拉回至季線附近或以下，歷史慣性拉回幅度中位數約12.5%', '帶寬已大，三大法人買超，股價貼近下軌 -> 超跌轉機買點型態(範例4)（帶寬22.9%, 型態=wide, 位置=lower, 開喇叭=否）', '未明顯符合葛蘭碧買賣點規則']",3665,TWSE,1775.0,61.79395459809599,63.41436106654807,-20.09603481261957,0.22865727946861855,lower,neutral,True,39.625850340136054,12.5,貿聯-KY,其他電子業,2880.7,5744487214.0
67.0,33.5,20.0,6.0,7.5,"['千張大戶持股比例近2週變化 +1.21 個百分點', '股東人數近2週變化 -1.42%（下降代表散戶籌碼流出、籌碼集中）', '近14個交易日三大法人合計賣超 8,120 張（約當期成交量 -1.7%）', '近23個交易日融資餘額變化 -40.35%（下降代表籌碼較乾淨）', '近120個交易日內量增創高249.00元（6日前），目前拉回25.7%，已拉回至季線附近或以下，歷史慣性拉回幅度中位數約22.3%', '布林型態中性，無明顯訊號（帶寬38.2%, 型態=wide, 位置=middle, 開喇叭=否）', '未明顯符合葛蘭碧買賣點規則']",3042,TWSE,185.0,57.17526569205212,65.91105662551278,-0.9547604175961443,0.3815564624064303,middle,neutral,True,25.702811244979916,22.289156626506024,晶技,電子工業,33640.4,7305947952.0
66.0,44.0,0.0,10.1,12.0,"['千張大戶持股比例近1週變化 +3.18 個百分點', '股東人數近1週變化 -1.46%（下降代表散戶籌碼流出、籌碼集中）', '近21個交易日三大法人合計買超 20,724 張（約當期成交量 3.2%）', '近23個交易日融資餘額變化 -5.93%（下降代表籌碼較乾淨）', '近期未出現「量增創高後拉回」型態，此項不適用', '股價於布林上通道與月線之間震盪，符合多頭排列格局 -> 良好趨勢型態(範例3)（帶寬22.8%, 型態=wide, 位置=middle, 開喇叭=是）', '月線上揚，股價拉回獲得月線支撐 -> 葛蘭碧買點②']",5351,TPEx,95.2,79.07774755205313,74.41742575493303,14.519427402862975,0.22843652875115708,middle,buy_support,False,4.799999999999997,31.273408239700366,鈺創,半導體業,30621.1,2848420330.0
62.0,30.5,18.0,6.0,7.5,"['千張大戶持股比例近1週變化 +0.40 個百分點', '股東人數近1週變化 -1.02%（下降代表散戶籌碼流出、籌碼集中）', '近14個交易日三大法人合計賣超 275 張（約當期成交量 -0.3%）', '近23個交易日融資餘額變化 -2.13%（下降代表籌碼較乾淨）', '近120個交易日內量增創高567.00元（15日前），目前拉回17.5%，已拉回至季線附近或以下，歷史慣性拉回幅度中位數約21.9%', '布林型態中性，無明顯訊號（帶寬20.5%, 型態=wide, 位置=lower, 開喇叭=否）', '未明顯符合葛蘭碧買賣點規則']",3034,TWSE,468.0,47.85486048816655,59.326300561805496,-3.2474804031354942,0.2050565938273085,lower,neutral,True,17.46031746031746,21.939586645468996,聯詠,半導體業,7216.7,3775727760.0
61.0,29.0,10.0,10.1,12.0,"['千張大戶持股比例近1週變化 +0.10 個百分點', '股東人數近1週變化 +2.00%（下降代表散戶籌碼流出、籌碼集中）', '近14個交易日三大法人合計賣超 2,228 張（約當期成交量 -0.7%）', '近23個交易日融資餘額變化 -20.20%（下降代表籌碼較乾淨）', '近120個交易日內量增創高891.00元（9日前），目前拉回9.7%，尚未拉回到季線附近，歷史慣性拉回幅度中位數約20.8%', '股價於布林上通道與月線之間震盪，符合多頭排列格局 -> 良好趨勢型態(範例3)（帶寬35.5%, 型態=wide, 位置=middle, 開喇叭=否）', '月線上揚，股價拉回獲得月線支撐 -> 葛蘭碧買點②']",3189,TWSE,805.0,74.79852826862954,75.2392368692542,25.629120986305647,0.35473853609584105,middle,buy_support,True,9.652076318742985,20.833333333333336,景碩,半導體業,22863.6,17795652459.0
61.0,44.0,8.0,6.0,3.0,"['千張大戶持股比例近2週變化 +0.15 個百分點', '股東人數近2週變化 -2.80%（下降代表散戶籌碼流出、籌碼集中）', '近14個交易日三大法人合計買超 29,748 張（約當期成交量 13.2%）', '近23個交易日融資餘額變化 -19.35%（下降代表籌碼較乾淨）', '近120個交易日內量增創高68.20元（86日前），目前拉回2.9%，尚未拉回到季線附近，歷史慣性拉回幅度中位數約31.4%', '布林型態中性，無明顯訊號（帶寬26.6%, 型態=wide, 位置=upper, 開喇叭=是）', '月線上揚但乖離率達17.3%，過度乖離 -> 葛蘭碧賣點③']",6505,TWSE,66.2,86.82104230171316,81.00228421026384,22.691048372150487,0.2656866355017434,upper,sell_overbought,True,2.9325513196480935,31.38138138138138,台塑化,油電燃氣業,16071.5,942528680.0
61.0,23.5,18.0,12.0,7.5,"['千張大戶持股比例近1週變化 +0.48 個百分點', '股東人數近1週變化 +2.82%（下降代表散戶籌碼流出、籌碼集中）', '近14個交易日三大法人合計買超 1,284 張（約當期成交量 1.9%）', '近23個交易日融資餘額變化 +0.76%（下降代表籌碼較乾淨）', '近120個交易日內量增創高673.00元（15日前），目前拉回26.7%，已拉回至季線附近或以下，歷史慣性拉回幅度中位數約29.9%', '帶寬已大，三大法人買超，股價貼近下軌 -> 超跌轉機買點型態(範例4)（帶寬30.8%, 型態=wide, 位置=lower, 開喇叭=否）', '未明顯符合葛蘭碧買賣點規則']",6415,TWSE,493.5,59.71609115093118,67.27891975524804,-5.844568812007121,0.30778942376617313,lower,neutral,True,26.671619613670135,29.892280071813282,矽力*-KY,電子工業,4891.5,2910329214.0
60.5,29.0,18.0,6.0,7.5,"['千張大戶持股比例近1週變化 -0.30 個百分點', '股東人數近1週變化 -0.33%（下降代表散戶籌碼流出、籌碼集中）', '近14個交易日三大法人合計買超 1,077 張（約當期成交量 2.9%）', '近23個交易日融資餘額變化 -16.01%（下降代表籌碼較乾淨）', '近120個交易日內量增創高611.00元（49日前），目前拉回21.1%，已拉回至季線附近或以下，歷史慣性拉回幅度中位數約25.5%', '布林型態中性，無明顯訊號（帶寬17.9%, 型態=normal, 位置=lower, 開喇叭=否）', '未明顯符合葛蘭碧買賣點規則']",6789,TWSE,482.0,46.44088224065608,53.47932617466701,-9.351638534956983,0.179403497338605,lower,neutral,True,21.112929623567922,25.500667556742325,采鈺,半導體業,2664.9,1392300342.0
60.5,41.0,0.0,12.0,7.5,"['千張大戶持股比例近1週變化 +3.56 個百分點', '股東人數近1週變化 -1.56%（下降代表散戶籌碼流出、籌碼集中）', '近21個交易日三大法人合計買超 6,403 張（約當期成交量 1.3%）', '近23個交易日融資餘額變化 -4.79%（下降代表籌碼較乾淨）', '近期未出現「量增創高後拉回」型態，此項不適用', '帶寬已大，三大法人買超，股價貼近下軌 -> 超跌轉機買點型態(範例4)（帶寬41.4%, 型態=wide, 位置=lower, 開喇叭=否）', '未明顯符合葛蘭碧買賣點規則']",5425,TPEx,107.0,73.46934615206251,80.69411597805336,12.220105228198365,0.4141128524167814,lower,neutral,False,25.694444444444443,28.78980891719745,台半,半導體業,22712.5,2793293885.0
58.5,35.0,10.0,6.0,7.5,"['千張大戶持股比例近1週變化 +0.32 個百分點', '股東人數近1週變化 -1.72%（下降代表散戶籌碼流出、籌碼集中）', '近14個交易日三大法人合計買超 2,809 張（約當期成交量 1.2%）', '近23個交易日融資餘額變化 -4.96%（下降代表籌碼較乾淨）', '近120個交易日內量增創高417.00元（27日前），目前拉回8.9%，尚未拉回到季線附近，歷史慣性拉回幅度中位數約17.4%', '布林型態中性，無明顯訊號（帶寬5.8%, 型態=normal, 位置=upper, 開喇叭=否）', '未明顯符合葛蘭碧買賣點規則']",2382,TWSE,380.0,59.287015683927734,58.20885730249349,8.620566446725908,0.05751644934930646,upper,neutral,True,8.872901678657074,17.44868035190616,廣達,電子工業,17071.1,6365364792.0
58.0,24.5,14.0,12.0,7.5,"['千張大戶持股比例近1週變化 -1.44 個百分點', '股東人數近1週變化 +1.54%（下降代表散戶籌碼流出、籌碼集中）', '近14個交易日三大法人合計買超 4,423 張（約當期成交量 2.3%）', '近23個交易日融資餘額變化 -35.89%（下降代表籌碼較乾淨）', '近120個交易日內量增創高453.50元（9日前），目前拉回29.2%，尚未拉回到季線附近，歷史慣性拉回幅度中位數約14.6%', '帶寬已大，三大法人買超，股價貼近下軌 -> 超跌轉機買點型態(範例4)（帶寬35.1%, 型態=wide, 位置=lower, 開喇叭=是）', '未明顯符合葛蘭碧買賣點規則']",2472,TWSE,321.0,58.86355351169628,67.05646674255397,6.282592500620818,0.35096704487831126,lower,neutral,True,29.21719955898567,14.634146341463413,立隆電,電子工業,13878.4,5455894989.0
57.0,33.5,10.0,6.0,7.5,"['千張大戶持股比例近1週變化 +1.41 個百分點', '股東人數近1週變化 -6.84%（下降代表散戶籌碼流出、籌碼集中）', '近14個交易日三大法人合計買超 443 張（約當期成交量 1.3%）', '近23個交易日融資餘額變化 +2.18%（下降代表籌碼較乾淨）', '近120個交易日內量增創高951.00元（23日前），目前拉回8.5%，尚未拉回到季線附近，歷史慣性拉回幅度中位數約16.7%', '布林型態中性，無明顯訊號（帶寬18.3%, 型態=normal, 位置=upper, 開喇叭=否）', '未明顯符合葛蘭碧買賣點規則']",3167,TWSE,870.0,56.738818271205275,57.544217502333765,9.323950741392316,0.18274142417842723,upper,neutral,True,8.517350157728707,16.69372895435898,大量,電機機械,2347.4,1967077884.0
56.5,24.5,10.0,10.1,12.0,"['千張大戶持股比例近1週變化 -0.12 個百分點', '股東人數近1週變化 -1.27%（下降代表散戶籌碼流出、籌碼集中）', '近21個交易日三大法人合計買超 4,864 張（約當期成交量 3.1%）', '近23個交易日融資餘額變化 +2.33%（下降代表籌碼較乾淨）', '近120個交易日內量增創高469.00元（33日前），目前拉回6.2%，尚未拉回到季線附近，歷史慣性拉回幅度中位數約14.4%', '股價於布林上通道與月線之間震盪，符合多頭排列格局 -> 良好趨勢型態(範例3)（帶寬19.8%, 型態=normal, 位置=middle, 開喇叭=否）', '月線上揚，股價拉回獲得月線支撐 -> 葛蘭碧買點②']",3211,TPEx,440.0,62.76795625328562,56.44400132665359,8.641975308641975,0.19767036771304833,middle,buy_support,True,6.183368869936034,14.408866995073891,順達,電腦及週邊設備業,7548.6,3249896220.0
56.5,29.0,14.0,6.0,7.5,"['千張大戶持股比例近1週變化 +0.03 個百分點', '股東人數近1週變化 +1.84%（下降代表散戶籌碼流出、籌碼集中）', '近14個交易日三大法人合計賣超 2,457 張（約當期成交量 -1.4%）', '近23個交易日融資餘額變化 -28.65%（下降代表籌碼較乾淨）', '近120個交易日內量增創高617.00元（15日前），目前拉回36.8%，尚未拉回到季線附近，歷史慣性拉回幅度中位數約22.5%', '布林型態中性，無明顯訊號（帶寬48.0%, 型態=wide, 位置=lower, 開喇叭=否）', '未明顯符合葛蘭碧買賣點規則']",2492,TWSE,390.0,61.86798319799528,70.43489304928225,11.884099548160371,0.48027600464274456,lower,neutral,True,36.790923824959485,22.499999999999996,華新科,電子工業,12699.2,6628002691.0
56.0,26.0,8.0,10.1,12.0,"['千張大戶持股比例近2週變化 -0.54 個百分點', '股東人數近2週變化 -1.18%（下降代表散戶籌碼流出、籌碼集中）', '近14個交易日三大法人合計買超 3,163 張（約當期成交量 0.9%）', '近23個交易日融資餘額變化 -4.88%（下降代表籌碼較乾淨）', '近120個交易日內量增創高396.00元（5日前），目前拉回12.0%，尚未拉回到季線附近，歷史慣性拉回幅度中位數約34.4%', '股價於布林上通道與月線之間震盪，符合多頭排列格局 -> 良好趨勢型態(範例3)（帶寬55.4%, 型態=wide, 位置=middle, 開喇叭=否）', '月線上揚，股價拉回獲得月線支撐 -> 葛蘭碧買點②']",6213,TWSE,348.5,73.00839886289472,80.90600304665054,19.60874041871639,0.5537393398962306,middle,buy_support,True,11.994949494949495,34.370370370370374,聯茂,電子工業,25120.0,8740478036.0
54.5,41.0,0.0,6.0,7.5,"['千張大戶持股比例近2週變化 +0.56 個百分點', '股東人數近2週變化 -1.69%（下降代表散戶籌碼流出、籌碼集中）', '近14個交易日三大法人合計買超 212,176 張（約當期成交量 21.3%）', '近23個交易日融資餘額變化 -27.02%（下降代表籌碼較乾淨）', '近期未出現「量增創高後拉回」型態，此項不適用', '布林型態中性，無明顯訊號（帶寬16.6%, 型態=normal, 位置=middle, 開喇叭=否）', '未明顯符合葛蘭碧買賣點規則']",2618,TWSE,40.8,62.863014794242645,68.80617110842098,8.06277175712361,0.16582277660718472,middle,neutral,False,9.131403118040092,18.23899371069183,長榮航,航運業,71295.2,3012317802.0
54.5,41.0,0.0,6.0,7.5,"['千張大戶持股比例近2週變化 +0.47 個百分點', '股東人數近2週變化 -0.80%（下降代表散戶籌碼流出、籌碼集中）', '近14個交易日三大法人合計買超 148,850 張（約當期成交量 13.0%）', '近23個交易日融資餘額變化 -15.26%（下降代表籌碼較乾淨）', '近期未出現「量增創高後拉回」型態，此項不適用', '布林型態中性，無明顯訊號（帶寬19.2%, 型態=normal, 位置=upper, 開喇叭=否）', '未明顯符合葛蘭碧買賣點規則']",2887,TWSE,35.45,90.2340933400146,92.72044971497081,28.101662250060244,0.19195175015815263,upper,neutral,False,3.7991858887381236,13.970588235294107,台新新光金,金融保險,82022.6,2747446926.0
54.0,14.5,20.0,12.0,7.5,"['千張大戶持股比例近1週變化 -0.56 個百分點', '股東人數近1週變化 +12.89%（下降代表散戶籌碼流出、籌碼集中）', '近14個交易日三大法人合計買超 99 張（約當期成交量 0.3%）', '近23個交易日融資餘額變化 +0.14%（下降代表籌碼較乾淨）', '近120個交易日內量增創高5730.00元（44日前），目前拉回29.8%，已拉回至季線附近或以下，歷史慣性拉回幅度中位數約23.5%', '帶寬已大，三大法人買超，股價貼近下軌 -> 超跌轉機買點型態(範例4)（帶寬27.7%, 型態=wide, 位置=lower, 開喇叭=否）', '未明顯符合葛蘭碧買賣點規則']",3443,TWSE,4020.0,42.74621002353409,52.88268841827299,-12.969745079290618,0.27719275474758065,lower,neutral,True,29.84293193717277,23.511904761904763,創意,電子工業,2394.3,11360569288.0
53.0,33.5,0.0,12.0,7.5,"['千張大戶持股比例近1週變化 +0.09 個百分點', '股東人數近1週變化 +0.99%（下降代表散戶籌碼流出、籌碼集中）', '近14個交易日三大法人合計買超 882 張（約當期成交量 5.0%）', '近23個交易日融資餘額變化 -7.26%（下降代表籌碼較乾淨）', '近期未出現「量增創高後拉回」型態，此項不適用', '帶寬已大，三大法人買超，股價貼近下軌 -> 超跌轉機買點型態(範例4)（帶寬32.7%, 型態=wide, 位置=lower, 開喇叭=是）', '未明顯符合葛蘭碧買賣點規則']",3653,TWSE,3070.0,13.26233759586336,16.0628345347668,-21.41302956610777,0.32743698091873014,lower,neutral,False,43.61799816345271,12.063492063492063,健策,電子工業,1248.1,4426818938.0
50.5,37.0,0.0,6.0,7.5,"['千張大戶持股比例近2週變化 +2.66 個百分點', '股東人數近2週變化 -3.75%（下降代表散戶籌碼流出、籌碼集中）', '近14個交易日三大法人合計買超 3,169 張（約當期成交量 0.4%）', '近23個交易日融資餘額變化 +23.51%（下降代表籌碼較乾淨）', '近期未出現「量增創高後拉回」型態，此項不適用', '布林型態中性，無明顯訊號（帶寬29.7%, 型態=wide, 位置=middle, 開喇叭=否）', '未明顯符合葛蘭碧買賣點規則']",8150,TWSE,104.0,81.07611914911159,84.47848508406317,13.667413519864485,0.2968119709524423,middle,neutral,False,11.11111111111111,27.35229759299781,南茂,電子工業,62079.0,6549781082.0
50.5,31.0,0.0,12.0,7.5,"['千張大戶持股比例近1週變化 +0.06 個百分點', '股東人數近1週變化 +2.54%（下降代表散戶籌碼流出、籌碼集中）', '近21個交易日三大法人合計買超 1,223 張（約當期成交量 1.0%）', '近23個交易日融資餘額變化 -20.02%（下降代表籌碼較乾淨）', '近期未出現「量增創高後拉回」型態，此項不適用', '帶寬已大，三大法人買超，股價貼近下軌 -> 超跌轉機買點型態(範例4)（帶寬27.8%, 型態=wide, 位置=lower, 開喇叭=否）', '未明顯符合葛蘭碧買賣點規則']",6274,TPEx,1395.0,63.200652516913536,70.77996951351872,-3.608075270922347,0.2781977641528572,lower,neutral,False,26.57894736842105,9.105431309904153,台燿,電子零組件業,5838.0,9709045666.0
49.0,40.0,0.0,6.0,3.0,"['千張大戶持股比例近1週變化 +2.52 個百分點', '股東人數近1週變化 -6.32%（下降代表散戶籌碼流出、籌碼集中）', '近21個交易日三大法人合計買超 24,736 張（約當期成交量 7.8%）', '近23個交易日融資餘額變化 +67.12%（下降代表籌碼較乾淨）', '近期未出現「量增創高後拉回」型態，此項不適用', '布林型態中性，無明顯訊號（帶寬50.9%, 型態=wide, 位置=upper, 開喇叭=否）', '月線上揚但乖離率達22.6%，過度乖離 -> 葛蘭碧賣點③']",3374,TPEx,365.5,91.5316389605175,89.73183977653333,44.20516192668091,0.5093778792609825,upper,sell_overbought,False,0.0,38.62007168458781,精材,半導體業,15133.5,4725901385.0
47.0,33.5,0.0,6.0,7.5,"['千張大戶持股比例近1週變化 +0.38 個百分點', '股東人數近1週變化 -4.74%（下降代表散戶籌碼流出、籌碼集中）', '近14個交易日三大法人合計賣超 79 張（約當期成交量 -0.3%）', '近23個交易日融資餘額變化 -2.85%（下降代表籌碼較乾淨）', '近期未出現「量增創高後拉回」型態，此項不適用', '布林型態中性，無明顯訊號（帶寬20.8%, 型態=wide, 位置=middle, 開喇叭=否）', '未明顯符合葛蘭碧買賣點規則']",6669,TWSE,4905.0,58.91033286014161,61.14024735717044,-1.6951983298538562,0.2076908671509098,middle,neutral,False,15.284974093264248,18.718381112984822,緯穎,電子工業,1716.6,8398148431.0
46.5,24.5,0.0,10.1,12.0,"['千張大戶持股比例近1週變化 -0.18 個百分點', '股東人數近1週變化 +0.61%（下降代表散戶籌碼流出、籌碼集中）', '近14個交易日三大法人合計買超 75 張（約當期成交量 0.9%）', '近23個交易日融資餘額變化 -19.24%（下降代表籌碼較乾淨）', '近期未出現「量增創高後拉回」型態，此項不適用', '股價於布林上通道與月線之間震盪，符合多頭排列格局 -> 良好趨勢型態(範例3)（帶寬27.9%, 型態=wide, 位置=middle, 開喇叭=否）', '月線上揚，股價拉回獲得月線支撐 -> 葛蘭碧買點②']",2059,TWSE,7995.0,91.30952898386835,92.50389269604563,38.854314412249984,0.2790212584927995,middle,buy_support,False,3.208232445520581,12.0,川湖,電子工業,580.1,4373910186.0
44.5,31.0,0.0,6.0,7.5,"['千張大戶持股比例近1週變化 +0.07 個百分點', '股東人數近1週變化 +5.77%（下降代表散戶籌碼流出、籌碼集中）', '近21個交易日三大法人合計買超 134 張（約當期成交量 0.7%）', '近23個交易日融資餘額變化 -12.07%（下降代表籌碼較乾淨）', '近期未出現「量增創高後拉回」型態，此項不適用', '布林型態中性，無明顯訊號（帶寬22.5%, 型態=wide, 位置=middle, 開喇叭=否）', '未明顯符合葛蘭碧買賣點規則']",6223,TPEx,6340.0,66.10575242552207,71.83592773096737,7.494065785011868,0.2249102513972054,middle,neutral,False,14.092140921409213,9.529346622369879,旺矽,半導體業,897.8,5961437133.0
44.5,15.0,16.0,6.0,7.5,"['千張大戶持股比例近2週變化 -1.76 個百分點', '股東人數近2週變化 +21.41%（下降代表散戶籌碼流出、籌碼集中）', '近21個交易日三大法人合計買超 21,005 張（約當期成交量 3.0%）', '近23個交易日融資餘額變化 +26.21%（下降代表籌碼較乾淨）', '近120個交易日內量增創高220.00元（12日前），目前拉回20.9%，已拉回至季線附近或以下，歷史慣性拉回幅度中位數約30.8%', '布林型態中性，無明顯訊號（帶寬34.1%, 型態=wide, 位置=middle, 開喇叭=否）', '未明顯符合葛蘭碧買賣點規則']",5347,TPEx,174.0,53.11545762164563,59.68796467996843,2.9636569850584302,0.34086492349944447,middle,neutral,True,20.909090909090907,30.84507042253521,世界,半導體業,33166.6,6427325212.0
43.5,10.0,20.0,6.0,7.5,"['千張大戶持股比例近2週變化 -0.25 個百分點', '股東人數近2週變化 +2.12%（下降代表散戶籌碼流出、籌碼集中）', '近21個交易日三大法人合計賣超 2,766 張（約當期成交量 -0.7%）', '近23個交易日融資餘額變化 +0.37%（下降代表籌碼較乾淨）', '近120個交易日內量增創高185.00元（46日前），目前拉回35.1%，已拉回至季線附近或以下，歷史慣性拉回幅度中位數約19.5%', '布林型態中性，無明顯訊號（帶寬22.7%, 型態=wide, 位置=lower, 開喇叭=否）', '未明顯符合葛蘭碧買賣點規則']",1785,TPEx,120.0,21.574387411211944,35.05549345975355,-19.232710752145373,0.22714232670990653,lower,neutral,True,35.13513513513514,19.49068590502853,光洋科,其他電子類,18632.1,2681756735.0
42.5,33.5,0.0,6.0,3.0,"['千張大戶持股比例近1週變化 +0.08 個百分點', '股東人數近1週變化 +0.80%（下降代表散戶籌碼流出、籌碼集中）', '近14個交易日三大法人合計買超 35,316 張（約當期成交量 12.4%）', '近23個交易日融資餘額變化 -5.54%（下降代表籌碼較乾淨）', '近期未出現「量增創高後拉回」型態，此項不適用', '布林型態中性，無明顯訊號（帶寬53.7%, 型態=wide, 位置=upper, 開喇叭=是）', '月線上揚但乖離率達21.8%，過度乖離 -> 葛蘭碧賣點③']",8046,TWSE,1290.0,85.8744307552582,81.64219523484198,38.187141811429896,0.5365085773451606,upper,sell_overbought,False,0.0,28.07017543859649,南電,電子工業,20326.7,21560489626.0
42.5,29.0,0.0,6.0,7.5,"['千張大戶持股比例近1週變化 +0.11 個百分點', '股東人數近1週變化 +1.71%（下降代表散戶籌碼流出、籌碼集中）', '近14個交易日三大法人合計買超 4,954 張（約當期成交量 4.1%）', '近23個交易日融資餘額變化 +3.40%（下降代表籌碼較乾淨）', '近期未出現「量增創高後拉回」型態，此項不適用', '布林型態中性，無明顯訊號（帶寬35.1%, 型態=wide, 位置=middle, 開喇叭=否）', '未明顯符合葛蘭碧買賣點規則']",3026,TWSE,815.0,83.73647313424166,88.39520453006129,42.72371723775612,0.35149530538573803,middle,neutral,False,18.90547263681592,11.885656970912738,禾伸堂,電子工業,8720.7,7888576585.0
42.0,12.5,16.0,6.0,7.5,"['千張大戶持股比例近2週變化 -0.27 個百分點', '股東人數近2週變化 +0.48%（下降代表散戶籌碼流出、籌碼集中）', '近14個交易日三大法人合計賣超 4,178 張（約當期成交量 -0.9%）', '近23個交易日融資餘額變化 +6.65%（下降代表籌碼較乾淨）', '近120個交易日內量增創高379.00元（30日前），目前拉回19.8%，已拉回至季線附近或以下，歷史慣性拉回幅度中位數約31.6%', '布林型態中性，無明顯訊號（帶寬20.2%, 型態=wide, 位置=lower, 開喇叭=否）', '未明顯符合葛蘭碧買賣點規則']",6239,TWSE,304.0,61.539470210043476,65.82308163190251,4.845663045352651,0.20181213344874221,lower,neutral,True,19.788918205804748,31.592039800995025,力成,半導體業,34115.7,11515496864.0
42.0,16.5,18.0,6.0,1.5,"['千張大戶持股比例近1週變化 +0.79 個百分點', '股東人數近1週變化 +0.81%（下降代表散戶籌碼流出、籌碼集中）', '近14個交易日三大法人合計賣超 3,489 張（約當期成交量 -3.1%）', '近23個交易日融資餘額變化 +18.42%（下降代表籌碼較乾淨）', '近120個交易日內量增創高307.00元（48日前），目前拉回23.8%，已拉回至季線附近或以下，歷史慣性拉回幅度中位數約30.2%', '布林型態中性，無明顯訊號（帶寬22.7%, 型態=wide, 位置=middle, 開喇叭=否）', '月線準備往下，股價跌破月線 -> 葛蘭碧賣點④']",2486,TWSE,234.0,47.313440720626545,51.27778373940096,-8.055009823182711,0.22675051464048054,middle,sell_breakdown,True,23.778501628664493,30.208333333333332,一詮,光電業,8117.4,2038618113.0
41.5,28.0,0.0,6.0,7.5,"['千張大戶持股比例近2週變化 +0.13 個百分點', '股東人數近2週變化 -0.16%（下降代表散戶籌碼流出、籌碼集中）', '近14個交易日三大法人合計買超 1,295 張（約當期成交量 0.2%）', '近23個交易日融資餘額變化 +49.02%（下降代表籌碼較乾淨）', '近期未出現「量增創高後拉回」型態，此項不適用', '布林型態中性，無明顯訊號（帶寬9.6%, 型態=normal, 位置=lower, 開喇叭=否）', '未明顯符合葛蘭碧買賣點規則']",2891,TWSE,65.0,72.71484522736769,80.16546510761492,4.63899546564352,0.09570607880139359,lower,neutral,False,10.220994475138129,6.371681415929206,中信金,金融保險,52628.6,3676155568.0
41.0,7.5,20.0,6.0,7.5,"['千張大戶持股比例近1週變化 -0.25 個百分點', '股東人數近1週變化 +1.16%（下降代表散戶籌碼流出、籌碼集中）', '近21個交易日三大法人合計賣超 4,963 張（約當期成交量 -3.8%）', '近23個交易日融資餘額變化 +17.96%（下降代表籌碼較乾淨）', '近120個交易日內量增創高718.00元（48日前），目前拉回43.9%，已拉回至季線附近或以下，歷史慣性拉回幅度中位數約19.8%', '布林型態中性，無明顯訊號（帶寬43.8%, 型態=wide, 位置=lower, 開喇叭=否）', '未明顯符合葛蘭碧買賣點規則']",4979,TPEx,403.0,4.699788399631208,7.413868669116688,-28.72092680482269,0.4382063282426014,lower,neutral,True,43.871866295264624,19.760479041916167,華星光,通信網路業,6203.5,2948301173.0
41.0,21.5,0.0,12.0,7.5,"['千張大戶持股比例近1週變化 -0.39 個百分點', '股東人數近1週變化 -0.49%（下降代表散戶籌碼流出、籌碼集中）', '近14個交易日三大法人合計買超 1,150 張（約當期成交量 0.9%）', '近23個交易日融資餘額變化 +5.21%（下降代表籌碼較乾淨）', '近期未出現「量增創高後拉回」型態，此項不適用', '帶寬已大，三大法人買超，股價貼近下軌 -> 超跌轉機買點型態(範例4)（帶寬34.6%, 型態=wide, 位置=lower, 開喇叭=否）', '未明顯符合葛蘭碧買賣點規則']",3090,TWSE,232.5,65.12396358416765,73.6254057631421,11.189045288613276,0.3458126969816563,lower,neutral,False,31.61764705882353,9.73837209302325,日電貿,電子工業,8874.2,2635644280.0
40.0,15.0,0.0,10.1,15.0,"['千張大戶持股比例近2週變化 -1.45 個百分點', '股東人數近2週變化 +10.66%（下降代表散戶籌碼流出、籌碼集中）', '近14個交易日三大法人合計賣超 59,486 張（約當期成交量 -3.9%）', '近23個交易日融資餘額變化 -11.05%（下降代表籌碼較乾淨）', '近期未出現「量增創高後拉回」型態，此項不適用', '股價於布林上通道與月線之間震盪，符合多頭排列格局 -> 良好趨勢型態(範例3)（帶寬25.7%, 型態=wide, 位置=middle, 開喇叭=否）', '月線上揚，股價向上突破月線 -> 葛蘭碧買點①']",2408,TWSE,448.0,75.2445629000787,73.3700910882702,30.61859176830749,0.2570173279478863,middle,buy_breakout,False,11.287128712871288,36.808997194158096,南亞科,半導體業,109222.1,47910791138.0
40.0,31.0,0.0,6.0,3.0,"['千張大戶持股比例近2週變化 +1.73 個百分點', '股東人數近2週變化 -0.43%（下降代表散戶籌碼流出、籌碼集中）', '近21個交易日三大法人合計買超 42,049 張（約當期成交量 6.0%）', '近23個交易日融資餘額變化 +16.60%（下降代表籌碼較乾淨）', '近期未出現「量增創高後拉回」型態，此項不適用', '布林型態中性，無明顯訊號（帶寬49.0%, 型態=wide, 位置=upper, 開喇叭=是）', '月線上揚但乖離率達31.8%，過度乖離 -> 葛蘭碧賣點③']",5483,TPEx,253.0,94.02829481617833,89.95951793016336,56.22909483867649,0.4902402958958221,upper,sell_overbought,False,0.0,48.06866952789699,中美晶,半導體業,33539.1,6735701588.0
40.0,31.0,0.0,6.0,3.0,"['千張大戶持股比例近2週變化 +0.24 個百分點', '股東人數近2週變化 -1.59%（下降代表散戶籌碼流出、籌碼集中）', '近14個交易日三大法人合計買超 54,276 張（約當期成交量 4.9%）', '近23個交易日融資餘額變化 +35.78%（下降代表籌碼較乾淨）', '近期未出現「量增創高後拉回」型態，此項不適用', '布林型態中性，無明顯訊號（帶寬67.1%, 型態=wide, 位置=upper, 開喇叭=否）', '月線上揚但乖離率達27.9%，過度乖離 -> 葛蘭碧賣點③']",1303,TWSE,210.0,93.29729565449024,89.89587107687291,80.44595929941141,0.6713023344322043,upper,sell_overbought,False,0.0,19.70588235294117,南亞,塑膠工業,78960.6,12858934712.0
39.5,20.0,0.0,12.0,7.5,"['千張大戶持股比例近1週變化 -0.03 個百分點', '股東人數近1週變化 +0.51%（下降代表散戶籌碼流出、籌碼集中）', '近14個交易日三大法人合計買超 3,112 張（約當期成交量 5.5%）', '近23個交易日融資餘額變化 +6.37%（下降代表籌碼較乾淨）', '近期未出現「量增創高後拉回」型態，此項不適用', '帶寬已大，三大法人買超，股價貼近下軌 -> 超跌轉機買點型態(範例4)（帶寬27.5%, 型態=wide, 位置=lower, 開喇叭=否）', '未明顯符合葛蘭碧買賣點規則']",3017,TWSE,2120.0,17.654840856780055,29.467554913997,-16.683041854981333,0.2752109021504771,lower,neutral,False,28.01358234295416,16.117818306361848,奇鋐,電子工業,4061.6,9957694068.0
39.5,30.5,0.0,6.0,3.0,"['千張大戶持股比例近1週變化 +0.19 個百分點', '股東人數近1週變化 -0.82%（下降代表散戶籌碼流出、籌碼集中）', '近14個交易日三大法人合計買超 1,146 張（約當期成交量 0.8%）', '近23個交易日融資餘額變化 +8.12%（下降代表籌碼較乾淨）', '近期未出現「量增創高後拉回」型態，此項不適用', '布林型態中性，無明顯訊號（帶寬29.7%, 型態=wide, 位置=upper, 開喇叭=是）', '月線上揚但乖離率達24.6%，過度乖離 -> 葛蘭碧賣點③']",8039,TWSE,185.5,76.90354752408314,62.295388983292554,28.373702422145332,0.29705792240470835,upper,sell_overbought,False,0.0,21.653583643787186,台虹,電子零組件業,10098.5,1588830511.0
39.5,26.0,0.0,6.0,7.5,"['千張大戶持股比例近1週變化 +1.04 個百分點', '股東人數近1週變化 -0.74%（下降代表散戶籌碼流出、籌碼集中）', '近21個交易日三大法人合計賣超 4,824 張（約當期成交量 -2.3%）', '近23個交易日融資餘額變化 +6.91%（下降代表籌碼較乾淨）', '近期未出現「量增創高後拉回」型態，此項不適用', '布林型態中性，無明顯訊號（帶寬8.6%, 型態=normal, 位置=middle, 開喇叭=否）', '未明顯符合葛蘭碧買賣點規則']",3260,TPEx,403.0,40.16583341716106,41.02467058714917,-3.958056123766214,0.08603015558442381,middle,neutral,False,23.238095238095237,20.52631578947369,威剛,半導體業,10011.5,4124372904.0
38.5,5.0,20.0,6.0,7.5,"['千張大戶持股比例近2週變化 -1.53 個百分點', '股東人數近2週變化 +2.34%（下降代表散戶籌碼流出、籌碼集中）', '近14個交易日三大法人合計賣超 82,417 張（約當期成交量 -16.4%）', '近23個交易日融資餘額變化 +14.16%（下降代表籌碼較乾淨）', '近120個交易日內量增創高194.00元（27日前），目前拉回26.5%，已拉回至季線附近或以下，歷史慣性拉回幅度中位數約11.0%', '布林型態中性，無明顯訊號（帶寬16.5%, 型態=normal, 位置=lower, 開喇叭=否）', '未明顯符合葛蘭碧買賣點規則']",3231,TWSE,142.5,21.544208041415033,28.450901158070476,-5.712395235994702,0.1648137729087043,lower,neutral,True,26.54639175257732,11.013215859030836,緯創,電子工業,35964.0,5614950256.0
38.5,5.0,20.0,6.0,7.5,"['千張大戶持股比例近2週變化 -1.11 個百分點', '股東人數近2週變化 +2.90%（下降代表散戶籌碼流出、籌碼集中）', '近14個交易日三大法人合計賣超 160,519 張（約當期成交量 -20.5%）', '近23個交易日融資餘額變化 +21.91%（下降代表籌碼較乾淨）', '近120個交易日內量增創高309.00元（27日前），目前拉回23.8%，已拉回至季線附近或以下，歷史慣性拉回幅度中位數約17.7%', '布林型態中性，無明顯訊號（帶寬20.6%, 型態=wide, 位置=middle, 開喇叭=否）', '未明顯符合葛蘭碧買賣點規則']",2317,TWSE,235.5,31.449468441105534,34.83201611507699,-6.137903547229974,0.20595244603037383,middle,neutral,True,23.78640776699029,17.660044150110377,鴻海,其他電子業,55837.7,14072925973.0
38.5,25.0,0.0,6.0,7.5,"['千張大戶持股比例近1週變化 -0.97 個百分點', '股東人數近1週變化 +2.64%（下降代表散戶籌碼流出、籌碼集中）', '近14個交易日三大法人合計買超 1,961 張（約當期成交量 4.2%）', '近23個交易日融資餘額變化 -12.64%（下降代表籌碼較乾淨）', '近期未出現「量增創高後拉回」型態，此項不適用', '布林型態中性，無明顯訊號（帶寬18.8%, 型態=normal, 位置=lower, 開喇叭=否）', '未明顯符合葛蘭碧買賣點規則']",2404,TWSE,1185.0,58.592051815288144,65.48223799652295,3.1256798897672127,0.188076563201727,lower,neutral,False,14.440433212996389,15.601891766940312,漢唐,其他電子業,3356.4,4370226803.0
37.5,7.5,20.0,2.6,7.5,"['千張大戶持股比例近1週變化 -0.79 個百分點', '股東人數近1週變化 +2.87%（下降代表散戶籌碼流出、籌碼集中）', '近21個交易日三大法人合計賣超 7,805 張（約當期成交量 -3.7%）', '近23個交易日融資餘額變化 +0.35%（下降代表籌碼較乾淨）', '近120個交易日內量增創高700.00元（16日前），目前拉回34.3%，已拉回至季線附近或以下，歷史慣性拉回幅度中位數約19.2%', '布林剛開喇叭，但三大法人為賣超方向，屬於應避開的型態（準則h）（帶寬43.3%, 型態=wide, 位置=lower, 開喇叭=是）', '未明顯符合葛蘭碧買賣點規則']",8358,TPEx,460.0,43.569486211913244,52.12020412156359,-11.02371089153597,0.4332067251020541,lower,neutral,True,34.285714285714285,19.23348715818372,金居,電子零組件業,9982.8,5903159558.0
37.0,23.5,0.0,6.0,7.5,"['千張大戶持股比例近1週變化 +0.21 個百分點', '股東人數近1週變化 +0.54%（下降代表散戶籌碼流出、籌碼集中）', '近14個交易日三大法人合計賣超 5,356 張（約當期成交量 -16.0%）', '近23個交易日融資餘額變化 -0.51%（下降代表籌碼較乾淨）', '近期未出現「量增創高後拉回」型態，此項不適用', '布林型態中性，無明顯訊號（帶寬19.2%, 型態=normal, 位置=lower, 開喇叭=否）', '未明顯符合葛蘭碧買賣點規則']",1519,TWSE,692.0,6.6968601114676645,6.913698825641321,-16.95833916678334,0.19247260619158815,lower,neutral,False,35.92592592592593,38.32512315270936,華城,電機機械,2397.9,1865257203.0
37.0,28.0,0.0,6.0,3.0,"['千張大戶持股比例近1週變化 +1.33 個百分點', '股東人數近1週變化 -0.29%（下降代表散戶籌碼流出、籌碼集中）', '近21個交易日三大法人合計買超 2,172 張（約當期成交量 1.5%）', '近23個交易日融資餘額變化 +19.48%（下降代表籌碼較乾淨）', '近期未出現「量增創高後拉回」型態，此項不適用', '布林型態中性，無明顯訊號（帶寬53.5%, 型態=wide, 位置=upper, 開喇叭=是）', '月線上揚但乖離率達28.0%，過度乖離 -> 葛蘭碧賣點③']",4541,TPEx,70.6,86.74102541962083,84.36874242107473,43.1322858590978,0.5347159384465646,upper,sell_overbought,False,0.0,19.59564541213063,晟田,其他,6837.2,424465888.0
37.0,23.5,0.0,6.0,7.5,"['千張大戶持股比例近1週變化 +0.10 個百分點', '股東人數近1週變化 +12.90%（下降代表散戶籌碼流出、籌碼集中）', '近14個交易日三大法人合計賣超 540 張（約當期成交量 -1.9%）', '近23個交易日融資餘額變化 -2.27%（下降代表籌碼較乾淨）', '近期未出現「量增創高後拉回」型態，此項不適用', '布林型態中性，無明顯訊號（帶寬20.9%, 型態=wide, 位置=lower, 開喇叭=否）', '未明顯符合葛蘭碧買賣點規則']",2383,TWSE,4970.0,59.9829716349116,68.55989626055683,0.15113350125944583,0.20904155651807332,lower,neutral,False,18.25657894736842,8.366935483870968,台光電,電子工業,2060.2,11147237890.0
35.5,26.5,0.0,6.0,3.0,"['千張大戶持股比例近2週變化 +1.70 個百分點', '股東人數近2週變化 +1.77%（下降代表散戶籌碼流出、籌碼集中）', '近14個交易日三大法人合計買超 31,274 張（約當期成交量 6.9%）', '近23個交易日融資餘額變化 +17.35%（下降代表籌碼較乾淨）', '近期未出現「量增創高後拉回」型態，此項不適用', '布林型態中性，無明顯訊號（帶寬45.7%, 型態=wide, 位置=upper, 開喇叭=是）', '月線上揚但乖離率達24.1%，過度乖離 -> 葛蘭碧賣點③']",2634,TWSE,67.1,85.49925578774611,81.74306978047271,35.161902204018574,0.45737784271448995,upper,sell_overbought,False,0.0,18.333333333333332,漢翔,航運業,32299.7,1925161702.0
35.5,22.0,0.0,6.0,7.5,"['千張大戶持股比例近1週變化 -0.22 個百分點', '股東人數近1週變化 -0.20%（下降代表散戶籌碼流出、籌碼集中）', '近14個交易日三大法人合計買超 4,432 張（約當期成交量 5.7%）', '近23個交易日融資餘額變化 +25.53%（下降代表籌碼較乾淨）', '近期未出現「量增創高後拉回」型態，此項不適用', '布林型態中性，無明顯訊號（帶寬28.7%, 型態=wide, 位置=middle, 開喇叭=否）', '未明顯符合葛蘭碧買賣點規則']",2357,TWSE,703.0,30.236069696904757,30.179757803169743,-0.1136686558681379,0.286937664469915,middle,neutral,False,24.489795918367346,14.166280137446634,華碩,電子工業,5555.6,3995764253.0
33.0,7.5,12.0,6.0,7.5,"['千張大戶持股比例近1週變化 -0.67 個百分點', '股東人數近1週變化 +6.83%（下降代表散戶籌碼流出、籌碼集中）', '近14個交易日三大法人合計賣超 3,673 張（約當期成交量 -9.4%）', '近23個交易日融資餘額變化 +8.14%（下降代表籌碼較乾淨）', '近120個交易日內量增創高5195.00元（16日前），目前拉回17.9%，尚未拉回到季線附近，歷史慣性拉回幅度中位數約24.8%', '布林型態中性，無明顯訊號（帶寬39.3%, 型態=wide, 位置=middle, 開喇叭=否）', '未明顯符合葛蘭碧買賣點規則']",3008,TWSE,4265.0,60.19984208553514,60.6889486366953,17.503903021397747,0.3934075408613759,middle,neutral,True,17.901828681424448,24.84375,大立光,光電業,2801.3,12839528054.0
32.5,7.0,12.0,6.0,7.5,"['千張大戶持股比例近2週變化 -5.99 個百分點', '股東人數近2週變化 +19.32%（下降代表散戶籌碼流出、籌碼集中）', '近14個交易日三大法人合計買超 6,633 張（約當期成交量 2.8%）', '近23個交易日融資餘額變化 +26.97%（下降代表籌碼較乾淨）', '近120個交易日內量增創高152.50元（14日前），目前拉回18.7%，尚未拉回到季線附近，歷史慣性拉回幅度中位數約26.6%', '布林型態中性，無明顯訊號（帶寬26.8%, 型態=wide, 位置=middle, 開喇叭=否）', '未明顯符合葛蘭碧買賣點規則']",3016,TWSE,124.0,70.84486486815278,71.93816762901824,9.60518562168532,0.26822305689872294,middle,neutral,True,18.688524590163937,26.63877266387727,嘉晶,半導體業,16720.9,2140712075.0
32.5,19.0,0.0,6.0,7.5,"['千張大戶持股比例近1週變化 -1.22 個百分點', '股東人數近1週變化 +2.95%（下降代表散戶籌碼流出、籌碼集中）', '近14個交易日三大法人合計買超 1,011 張（約當期成交量 1.3%）', '近23個交易日融資餘額變化 -5.20%（下降代表籌碼較乾淨）', '近期未出現「量增創高後拉回」型態，此項不適用', '布林型態中性，無明顯訊號（帶寬23.7%, 型態=wide, 位置=middle, 開喇叭=否）', '未明顯符合葛蘭碧買賣點規則']",6139,TWSE,834.0,67.31628310735482,75.01557747689922,6.681448002387756,0.23655635567930342,middle,neutral,False,12.670157068062826,9.7682119205298,亞翔,其他電子業,5509.0,4849475877.0
31.5,12.0,0.0,12.0,7.5,"['千張大戶持股比例近1週變化 -0.04 個百分點', '股東人數近1週變化 +6.64%（下降代表散戶籌碼流出、籌碼集中）', '近14個交易日三大法人合計買超 343 張（約當期成交量 1.0%）', '近23個交易日融資餘額變化 +14.88%（下降代表籌碼較乾淨）', '近期未出現「量增創高後拉回」型態，此項不適用', '帶寬已大，三大法人買超，股價貼近下軌 -> 超跌轉機買點型態(範例4)（帶寬33.0%, 型態=wide, 位置=lower, 開喇叭=否）', '未明顯符合葛蘭碧買賣點規則']",2360,TWSE,1820.0,12.566211216844577,21.919021877498086,-18.434418882581422,0.3300324125190241,lower,neutral,False,30.666666666666664,11.920289855072465,致茂,其他電子業,2541.3,5307543000.0
31.5,0.0,18.0,6.0,7.5,"['千張大戶持股比例近2週變化 -2.76 個百分點', '股東人數近2週變化 +3.71%（下降代表散戶籌碼流出、籌碼集中）', '近14個交易日三大法人合計賣超 165,986 張（約當期成交量 -5.2%）', '近23個交易日融資餘額變化 +25.97%（下降代表籌碼較乾淨）', '近120個交易日內量增創高88.70元（30日前），目前拉回22.0%，已拉回至季線附近或以下，歷史慣性拉回幅度中位數約30.3%', '布林型態中性，無明顯訊號（帶寬26.3%, 型態=wide, 位置=middle, 開喇叭=否）', '未明顯符合葛蘭碧買賣點規則']",6770,TWSE,69.2,44.62037744555304,48.15617403085686,2.017248581046226,0.2627134550915221,middle,neutral,True,21.98421645997745,30.338541666666664,力積電,半導體業,229146.2,17574720601.0
31.0,17.5,0.0,6.0,7.5,"['千張大戶持股比例近1週變化 -0.25 個百分點', '股東人數近1週變化 +2.66%（下降代表散戶籌碼流出、籌碼集中）', '近14個交易日三大法人合計買超 9,364 張（約當期成交量 3.1%）', '近23個交易日融資餘額變化 +4.78%（下降代表籌碼較乾淨）', '近期未出現「量增創高後拉回」型態，此項不適用', '布林型態中性，無明顯訊號（帶寬55.3%, 型態=wide, 位置=middle, 開喇叭=否）', '未明顯符合葛蘭碧買賣點規則']",2481,TWSE,176.0,74.33271806305933,82.67697970807167,20.680197476686775,0.5525865054699481,middle,neutral,False,22.63736263736264,18.39279048685544,強茂,半導體業,21247.6,3913246609.0
31.0,17.5,0.0,6.0,7.5,"['千張大戶持股比例近1週變化 -0.05 個百分點', '股東人數近1週變化 +0.02%（下降代表散戶籌碼流出、籌碼集中）', '近14個交易日三大法人合計賣超 1,894 張（約當期成交量 -3.3%）', '近23個交易日融資餘額變化 -11.52%（下降代表籌碼較乾淨）', '近期未出現「量增創高後拉回」型態，此項不適用', '布林型態中性，無明顯訊號（帶寬28.7%, 型態=wide, 位置=lower, 開喇叭=否）', '未明顯符合葛蘭碧買賣點規則']",6531,TWSE,858.0,45.27911028900954,51.03077879080293,-10.208780283606297,0.2865232692557655,lower,neutral,False,27.899159663865547,22.63681592039801,愛普*,電子工業,4154.4,4116111883.0
31.0,17.5,0.0,6.0,7.5,"['千張大戶持股比例近2週變化 -0.83 個百分點', '股東人數近2週變化 +25.04%（下降代表散戶籌碼流出、籌碼集中）', '近14個交易日三大法人合計賣超 6,279 張（約當期成交量 -0.8%）', '近23個交易日融資餘額變化 -23.44%（下降代表籌碼較乾淨）', '近期未出現「量增創高後拉回」型態，此項不適用', '布林型態中性，無明顯訊號（帶寬40.7%, 型態=wide, 位置=lower, 開喇叭=否）', '未明顯符合葛蘭碧買賣點規則']",2327,TWSE,778.0,61.518422572653876,69.54826879658653,12.939127068615116,0.4068824616452099,lower,neutral,False,31.75438596491228,39.0547263681592,國巨*,電子工業,59794.0,59287259731.0
30.5,17.0,0.0,6.0,7.5,"['千張大戶持股比例近2週變化 -0.02 個百分點', '股東人數近2週變化 -1.58%（下降代表散戶籌碼流出、籌碼集中）', '近14個交易日三大法人合計賣超 4,000 張（約當期成交量 -1.1%）', '近23個交易日融資餘額變化 +1.96%（下降代表籌碼較乾淨）', '近期未出現「量增創高後拉回」型態，此項不適用', '布林型態中性，無明顯訊號（帶寬13.1%, 型態=normal, 位置=middle, 開喇叭=否）', '未明顯符合葛蘭碧買賣點規則']",2301,TWSE,212.5,56.15128676686122,58.206158320131834,1.975525873790294,0.13099237234510644,middle,neutral,False,15.0,10.31390134529148,光寶科,電腦及週邊設備業,26404.5,5722105074.0
30.5,17.0,0.0,6.0,7.5,"['千張大戶持股比例近2週變化 -0.12 個百分點', '股東人數近2週變化 +1.27%（下降代表散戶籌碼流出、籌碼集中）', '近14個交易日三大法人合計買超 9,270 張（約當期成交量 1.9%）', '近23個交易日融資餘額變化 +2.40%（下降代表籌碼較乾淨）', '近期未出現「量增創高後拉回」型態，此項不適用', '布林型態中性，無明顯訊號（帶寬19.3%, 型態=normal, 位置=middle, 開喇叭=否）', '未明顯符合葛蘭碧買賣點規則']",2881,TWSE,125.0,70.703534492079,70.45961507745861,13.6535838763449,0.19335282338595605,middle,neutral,False,9.747292418772563,7.428463131704724,富邦金,金融保險,35428.7,4552612100.0
30.0,2.5,14.0,6.0,7.5,"['千張大戶持股比例近2週變化 -3.50 個百分點', '股東人數近2週變化 +7.55%（下降代表散戶籌碼流出、籌碼集中）', '近14個交易日三大法人合計賣超 268,993 張（約當期成交量 -3.5%）', '近23個交易日融資餘額變化 +8.26%（下降代表籌碼較乾淨）', '近120個交易日內量增創高70.90元（12日前），目前拉回19.3%，尚未拉回到季線附近，歷史慣性拉回幅度中位數約15.6%', '布林型態中性，無明顯訊號（帶寬33.0%, 型態=wide, 位置=lower, 開喇叭=否）', '未明顯符合葛蘭碧買賣點規則']",3481,TWSE,57.2,78.43498654230878,83.64505527889793,22.274476271911094,0.32995004763799857,lower,neutral,True,19.322990126939356,15.615615615615605,群創,光電業,547766.0,35980677412.0
30.0,21.0,0.0,6.0,3.0,"['千張大戶持股比例近2週變化 +0.85 個百分點', '股東人數近2週變化 +9.17%（下降代表散戶籌碼流出、籌碼集中）', '近21個交易日三大法人合計買超 3,776 張（約當期成交量 0.2%）', '近23個交易日融資餘額變化 +53.68%（下降代表籌碼較乾淨）', '近期未出現「量增創高後拉回」型態，此項不適用', '布林型態中性，無明顯訊號（帶寬80.1%, 型態=wide, 位置=upper, 開喇叭=是）', '月線上揚但乖離率達37.0%，過度乖離 -> 葛蘭碧賣點③']",6182,TPEx,186.5,94.81507303142234,93.21408637910189,111.7794011885386,0.8014540390244488,upper,sell_overbought,False,1.58311345646438,28.853046594982082,合晶,半導體業,104070.8,15013381778.0
30.0,2.5,14.0,6.0,7.5,"['千張大戶持股比例近2週變化 -2.43 個百分點', '股東人數近2週變化 +14.67%（下降代表散戶籌碼流出、籌碼集中）', '近21個交易日三大法人合計賣超 2,171 張（約當期成交量 -1.2%）', '近23個交易日融資餘額變化 +13.61%（下降代表籌碼較乾淨）', '近120個交易日內量增創高350.50元（6日前），目前拉回31.8%，尚未拉回到季線附近，歷史慣性拉回幅度中位數約22.3%', '布林型態中性，無明顯訊號（帶寬37.2%, 型態=wide, 位置=lower, 開喇叭=否）', '未明顯符合葛蘭碧買賣點規則']",6173,TPEx,239.0,66.55703271369234,75.19092815691019,15.997832118618707,0.3721236290497472,lower,neutral,True,31.81169757489301,22.31833910034602,信昌電,電子零組件業,8919.0,2635100689.0
30.0,16.5,0.0,6.0,7.5,"['千張大戶持股比例近1週變化 +1.01 個百分點', '股東人數近1週變化 +0.18%（下降代表散戶籌碼流出、籌碼集中）', '近14個交易日三大法人合計賣超 6,925 張（約當期成交量 -8.0%）', '近23個交易日融資餘額變化 +15.62%（下降代表籌碼較乾淨）', '近期未出現「量增創高後拉回」型態，此項不適用', '布林型態中性，無明顯訊號（帶寬30.6%, 型態=wide, 位置=middle, 開喇叭=否）', '未明顯符合葛蘭碧買賣點規則']",2379,TWSE,754.0,57.90881385383931,61.54274482202996,16.42989499691167,0.3060881060187914,middle,neutral,False,16.22222222222222,10.17094017094017,瑞昱,半導體業,6165.4,4914158865.0
29.6,7.5,0.0,10.1,12.0,"['千張大戶持股比例近2週變化 -0.51 個百分點', '股東人數近2週變化 +10.70%（下降代表散戶籌碼流出、籌碼集中）', '近14個交易日三大法人合計賣超 7,039 張（約當期成交量 -1.2%）', '近23個交易日融資餘額變化 +14.52%（下降代表籌碼較乾淨）', '近期未出現「量增創高後拉回」型態，此項不適用', '股價於布林上通道與月線之間震盪，符合多頭排列格局 -> 良好趨勢型態(範例3)（帶寬18.3%, 型態=normal, 位置=middle, 開喇叭=否）', '月線上揚，股價拉回獲得月線支撐 -> 葛蘭碧買點②']",4958,TWSE,629.0,88.28771410743926,85.25851224917612,26.933943226153634,0.1826420459646626,middle,buy_support,False,2.631578947368421,23.66412213740458,臻鼎-KY,電子工業,40592.6,24561646873.0
29.0,20.0,0.0,6.0,3.0,"['千張大戶持股比例近1週變化 -0.00 個百分點', '股東人數近1週變化 +0.57%（下降代表散戶籌碼流出、籌碼集中）', '近21個交易日三大法人合計買超 12,295 張（約當期成交量 7.8%）', '近23個交易日融資餘額變化 +4.28%（下降代表籌碼較乾淨）', '近期未出現「量增創高後拉回」型態，此項不適用', '布林型態中性，無明顯訊號（帶寬61.6%, 型態=wide, 位置=upper, 開喇叭=否）', '月線上揚但乖離率達32.5%，過度乖離 -> 葛蘭碧賣點③']",6488,TPEx,1515.0,93.70179816804254,91.25324668698806,73.08680998533809,0.6155880056414847,upper,sell_overbought,False,0.0,30.86003372681282,環球晶,半導體業,7462.4,9131690399.0
28.5,15.0,0.0,6.0,7.5,"['千張大戶持股比例近1週變化 -0.32 個百分點', '股東人數近1週變化 +6.14%（下降代表散戶籌碼流出、籌碼集中）', '近14個交易日三大法人合計賣超 16,757 張（約當期成交量 -10.2%）', '近23個交易日融資餘額變化 -14.67%（下降代表籌碼較乾淨）', '近期未出現「量增創高後拉回」型態，此項不適用', '布林型態中性，無明顯訊號（帶寬25.1%, 型態=wide, 位置=lower, 開喇叭=否）', '未明顯符合葛蘭碧買賣點規則']",2454,TWSE,3660.0,65.27727609643003,70.42635220135847,-1.81964501274199,0.2511939791650413,lower,neutral,False,21.120689655172413,13.141025641025642,聯發科,半導體業,11785.5,49555053320.0
28.5,15.0,0.0,6.0,7.5,"['千張大戶持股比例近2週變化 -0.70 個百分點', '股東人數近2週變化 +3.76%（下降代表散戶籌碼流出、籌碼集中）', '近14個交易日三大法人合計賣超 60,723 張（約當期成交量 -5.6%）', '近23個交易日融資餘額變化 -15.24%（下降代表籌碼較乾淨）', '近期未出現「量增創高後拉回」型態，此項不適用', '布林型態中性，無明顯訊號（帶寬20.2%, 型態=wide, 位置=lower, 開喇叭=否）', '未明顯符合葛蘭碧買賣點規則']",1802,TWSE,62.3,32.39020793423538,40.11891134731377,-8.924786199839199,0.20165858345807655,lower,neutral,False,18.66840731070496,17.595459236326107,台玻,玻璃陶瓷,77276.4,5399834685.0
28.1,22.5,0.0,2.6,3.0,"['千張大戶持股比例近2週變化 +2.93 個百分點', '股東人數近2週變化 +3.89%（下降代表散戶籌碼流出、籌碼集中）', '近21個交易日三大法人合計賣超 2,534 張（約當期成交量 -0.4%）', '近23個交易日融資餘額變化 +22.14%（下降代表籌碼較乾淨）', '近期未出現「量增創高後拉回」型態，此項不適用', '布林剛開喇叭，但三大法人為賣超方向，屬於應避開的型態（準則h）（帶寬53.3%, 型態=wide, 位置=middle, 開喇叭=是）', '月線上揚但乖離率達13.7%，過度乖離 -> 葛蘭碧賣點③']",5371,TPEx,94.3,76.79005663980763,78.05913665540791,24.420010995052216,0.5325102544823228,middle,sell_overbought,False,10.616113744075832,27.99145299145298,中光電,光電業,28758.6,2612644086.0
28.0,14.5,0.0,6.0,7.5,"['千張大戶持股比例近1週變化 -0.62 個百分點', '股東人數近1週變化 +0.85%（下降代表散戶籌碼流出、籌碼集中）', '近21個交易日三大法人合計賣超 4,419 張（約當期成交量 -4.0%）', '近23個交易日融資餘額變化 -6.52%（下降代表籌碼較乾淨）', '近期未出現「量增創高後拉回」型態，此項不適用', '布林型態中性，無明顯訊號（帶寬24.0%, 型態=wide, 位置=lower, 開喇叭=否）', '未明顯符合葛蘭碧買賣點規則']",8299,TPEx,2050.0,44.94110001850958,49.356187583333906,-11.136798757360108,0.23962378242321458,lower,neutral,False,28.819444444444443,20.379146919431278,群聯,半導體業,5245.7,12276129611.0
28.0,14.5,0.0,6.0,7.5,"['千張大戶持股比例近2週變化 -1.11 個百分點', '股東人數近2週變化 -1.28%（下降代表散戶籌碼流出、籌碼集中）', '近14個交易日三大法人合計賣超 39,418 張（約當期成交量 -7.1%）', '近23個交易日融資餘額變化 +1.32%（下降代表籌碼較乾淨）', '近期未出現「量增創高後拉回」型態，此項不適用', '布林型態中性，無明顯訊號（帶寬24.9%, 型態=wide, 位置=middle, 開喇叭=否）', '未明顯符合葛蘭碧買賣點規則']",2313,TWSE,225.5,22.175075880457683,22.290822318707647,-9.914108795525667,0.24949487062878584,middle,neutral,False,24.455611390284755,22.23096670771089,華通,電子工業,39902.3,9547533383.0
28.0,14.5,0.0,6.0,7.5,"['千張大戶持股比例近1週變化 -0.28 個百分點', '股東人數近1週變化 +5.08%（下降代表散戶籌碼流出、籌碼集中）', '近14個交易日三大法人合計買超 260 張（約當期成交量 0.6%）', '近23個交易日融資餘額變化 +0.86%（下降代表籌碼較乾淨）', '近期未出現「量增創高後拉回」型態，此項不適用', '布林型態中性，無明顯訊號（帶寬55.4%, 型態=wide, 位置=middle, 開喇叭=是）', '未明顯符合葛蘭碧買賣點規則']",6446,TWSE,1200.0,74.98073145568725,84.48163262716707,28.530115320075687,0.5542634634554131,middle,neutral,False,21.568627450980394,26.394293125810638,藥華藥,生技醫療業,3193.8,4023108959.0
27.6,17.5,0.0,2.6,7.5,"['千張大戶持股比例近1週變化 -0.40 個百分點', '股東人數近1週變化 +0.13%（下降代表散戶籌碼流出、籌碼集中）', '近14個交易日三大法人合計賣超 901 張（約當期成交量 -3.2%）', '近23個交易日融資餘額變化 -30.38%（下降代表籌碼較乾淨）', '近期未出現「量增創高後拉回」型態，此項不適用', '布林剛開喇叭，但三大法人為賣超方向，屬於應避開的型態（準則h）（帶寬50.9%, 型態=wide, 位置=lower, 開喇叭=是）', '未明顯符合葛蘭碧買賣點規則']",6442,TWSE,1315.0,5.553818189184439,7.2745990193227925,-30.22330311739995,0.5089331294477767,lower,neutral,False,44.51476793248945,18.046709129511676,光聖,通信網路業,2037.0,3396112345.0
27.6,17.5,0.0,2.6,7.5,"['千張大戶持股比例近1週變化 -0.66 個百分點', '股東人數近1週變化 +3.33%（下降代表散戶籌碼流出、籌碼集中）', '近21個交易日三大法人合計賣超 68 張（約當期成交量 -0.5%）', '近23個交易日融資餘額變化 -16.40%（下降代表籌碼較乾淨）', '近期未出現「量增創高後拉回」型態，此項不適用', '布林剛開喇叭，但三大法人為賣超方向，屬於應避開的型態（準則h）（帶寬34.9%, 型態=wide, 位置=lower, 開喇叭=是）', '未明顯符合葛蘭碧買賣點規則']",3529,TPEx,2415.0,3.889526212822153,5.396213402650926,-30.75930615950686,0.34895965009580865,lower,neutral,False,48.67162592986185,29.95720399429387,力旺,半導體業,631.1,1812999451.0
27.5,14.0,0.0,6.0,7.5,"['千張大戶持股比例近1週變化 +0.44 個百分點', '股東人數近1週變化 +8.22%（下降代表散戶籌碼流出、籌碼集中）', '近14個交易日三大法人合計賣超 1,827 張（約當期成交量 -6.3%）', '近23個交易日融資餘額變化 +22.23%（下降代表籌碼較乾淨）', '近期未出現「量增創高後拉回」型態，此項不適用', '布林型態中性，無明顯訊號（帶寬24.3%, 型態=wide, 位置=lower, 開喇叭=否）', '未明顯符合葛蘭碧買賣點規則']",3661,TWSE,3725.0,31.528699786017867,41.84704807605207,-14.572384137601535,0.24269264023001033,lower,neutral,False,30.697674418604652,21.14209341274859,世芯-KY,半導體業,2082.1,8904738106.0
26.0,12.5,0.0,6.0,7.5,"['千張大戶持股比例近1週變化 -0.39 個百分點', '股東人數近1週變化 +0.62%（下降代表散戶籌碼流出、籌碼集中）', '近21個交易日三大法人合計賣超 1,067 張（約當期成交量 -2.5%）', '近23個交易日融資餘額變化 +3.53%（下降代表籌碼較乾淨）', '近期未出現「量增創高後拉回」型態，此項不適用', '布林型態中性，無明顯訊號（帶寬30.4%, 型態=wide, 位置=middle, 開喇叭=否）', '未明顯符合葛蘭碧買賣點規則']",3081,TPEx,1925.0,10.890385260771687,12.793912547750962,-22.791537150305828,0.30355498894403554,middle,neutral,False,39.08227848101266,18.494271685761046,聯亞,通信網路業,2068.3,4383260633.0
25.5,12.0,0.0,6.0,7.5,"['千張大戶持股比例近1週變化 -0.75 個百分點', '股東人數近1週變化 +2.57%（下降代表散戶籌碼流出、籌碼集中）', '近14個交易日三大法人合計賣超 843 張（約當期成交量 -3.0%）', '近23個交易日融資餘額變化 -4.60%（下降代表籌碼較乾淨）', '近期未出現「量增創高後拉回」型態，此項不適用', '布林型態中性，無明顯訊號（帶寬34.1%, 型態=wide, 位置=lower, 開喇叭=否）', '未明顯符合葛蘭碧買賣點規則']",8996,TWSE,1175.0,39.86865188374959,50.19177421290313,-3.9888872243936273,0.34073631999845805,lower,neutral,False,26.10062893081761,31.584158415841586,高力,電機機械,1979.9,2824539660.0
24.5,7.5,8.0,6.0,3.0,"['千張大戶持股比例近1週變化 -0.06 個百分點', '股東人數近1週變化 +0.06%（下降代表散戶籌碼流出、籌碼集中）', '近14個交易日三大法人合計賣超 10,693 張（約當期成交量 -5.8%）', '近23個交易日融資餘額變化 +42.98%（下降代表籌碼較乾淨）', '近120個交易日內量增創高123.50元（36日前），目前拉回3.2%，尚未拉回到季線附近，歷史慣性拉回幅度中位數約31.5%', '布林型態中性，無明顯訊號（帶寬13.7%, 型態=normal, 位置=upper, 開喇叭=否）', '月線上揚但乖離率達9.5%，過度乖離 -> 葛蘭碧賣點③']",3702,TWSE,119.5,60.37871936676284,52.688201927438385,9.024557135254312,0.13700379702532658,upper,sell_overbought,True,3.2388663967611335,31.48514851485148,大聯大,電子工業,13133.2,1447096288.0
23.5,10.0,0.0,6.0,7.5,"['千張大戶持股比例近2週變化 -0.34 個百分點', '股東人數近2週變化 +2.01%（下降代表散戶籌碼流出、籌碼集中）', '近14個交易日三大法人合計賣超 13,494 張（約當期成交量 -0.2%）', '近23個交易日融資餘額變化 +2.09%（下降代表籌碼較乾淨）', '近期未出現「量增創高後拉回」型態，此項不適用', '布林型態中性，無明顯訊號（帶寬32.1%, 型態=wide, 位置=middle, 開喇叭=否）', '未明顯符合葛蘭碧買賣點規則']",2409,TWSE,27.55,71.12770784701998,75.73764611741274,16.613756613756617,0.3209473704609797,middle,neutral,False,15.74923547400612,25.0632911392405,友達,光電業,517511.6,15343929374.0
23.5,10.0,0.0,6.0,7.5,"['千張大戶持股比例近1週變化 -1.35 個百分點', '股東人數近1週變化 +2.02%（下降代表散戶籌碼流出、籌碼集中）', '近14個交易日三大法人合計賣超 1,170 張（約當期成交量 -0.6%）', '近23個交易日融資餘額變化 +2.64%（下降代表籌碼較乾淨）', '近期未出現「量增創高後拉回」型態，此項不適用', '布林型態中性，無明顯訊號（帶寬21.0%, 型態=wide, 位置=middle, 開喇叭=否）', '未明顯符合葛蘭碧買賣點規則']",3006,TWSE,217.5,59.91367554890338,59.92776387762061,0.8500772797527092,0.2103711794694206,middle,neutral,False,18.69158878504673,33.14285714285714,晶豪科,半導體業,13701.2,3154013401.0
22.1,12.0,0.0,2.6,7.5,"['千張大戶持股比例近1週變化 -0.53 個百分點', '股東人數近1週變化 +10.86%（下降代表散戶籌碼流出、籌碼集中）', '近14個交易日三大法人合計賣超 342 張（約當期成交量 -6.1%）', '近23個交易日融資餘額變化 -2.93%（下降代表籌碼較乾淨）', '近期未出現「量增創高後拉回」型態，此項不適用', '布林剛開喇叭，但三大法人為賣超方向，屬於應避開的型態（準則h）（帶寬41.6%, 型態=wide, 位置=lower, 開喇叭=是）', '未明顯符合葛蘭碧買賣點規則']",6515,TWSE,7040.0,11.12920795339247,19.936828171237522,-24.244733986746418,0.41618450653552286,lower,neutral,False,34.78462251042149,15.034965034965033,穎崴,半導體業,400.8,3517353657.0
21.4,16.5,0.0,2.0,3.0,"['千張大戶持股比例近2週變化 +0.15 個百分點', '股東人數近2週變化 +10.35%（下降代表散戶籌碼流出、籌碼集中）', '近14個交易日三大法人合計賣超 274 張（約當期成交量 -0.2%）', '近23個交易日融資餘額變化 +31.90%（下降代表籌碼較乾淨）', '近期未出現「量增創高後拉回」型態，此項不適用', '布林剛開喇叭，但三大法人為賣超方向，屬於應避開的型態（準則h）（帶寬61.9%, 型態=wide, 位置=upper, 開喇叭=是）', '月線上揚但乖離率達29.9%，過度乖離 -> 葛蘭碧賣點③']",2630,TWSE,62.3,87.0039780186888,80.10405565754272,35.53545205678132,0.6186663836889826,upper,sell_overbought,False,0.0,19.848293299620728,亞航,航運業,9524.4,525514561.0
21.0,7.5,0.0,6.0,7.5,"['千張大戶持股比例近2週變化 -0.06 個百分點', '股東人數近2週變化 +1.13%（下降代表散戶籌碼流出、籌碼集中）', '近14個交易日三大法人合計賣超 83,855 張（約當期成交量 -15.4%）', '近23個交易日融資餘額變化 +15.96%（下降代表籌碼較乾淨）', '近期未出現「量增創高後拉回」型態，此項不適用', '布林型態中性，無明顯訊號（帶寬7.7%, 型態=normal, 位置=middle, 開喇叭=否）', '未明顯符合葛蘭碧買賣點規則']",2330,TWSE,2420.0,80.64999149310974,82.83871677414093,4.96638473216222,0.07667177714389069,middle,neutral,False,3.5856573705179287,7.929515418502203,台積電,半導體業,38961.1,94385981827.0
21.0,7.5,0.0,6.0,7.5,"['千張大戶持股比例近1週變化 -0.05 個百分點', '股東人數近1週變化 +3.52%（下降代表散戶籌碼流出、籌碼集中）', '近14個交易日三大法人合計賣超 282 張（約當期成交量 -2.8%）', '近23個交易日融資餘額變化 +198.84%（下降代表籌碼較乾淨）', '近期未出現「量增創高後拉回」型態，此項不適用', '布林型態中性，無明顯訊號（帶寬20.9%, 型態=wide, 位置=middle, 開喇叭=否）', '未明顯符合葛蘭碧買賣點規則']",7769,TWSE,6395.0,54.35861699629924,56.47564790618149,-2.5115286405731925,0.2088984203626624,middle,neutral,False,22.578692493946733,16.867248995461132,鴻勁,半導體業,708.6,4797545915.0
21.0,12.0,0.0,6.0,3.0,"['千張大戶持股比例近2週變化 -0.30 個百分點', '股東人數近2週變化 +2.93%（下降代表散戶籌碼流出、籌碼集中）', '近14個交易日三大法人合計買超 29,112 張（約當期成交量 2.8%）', '近23個交易日融資餘額變化 +54.29%（下降代表籌碼較乾淨）', '近期未出現「量增創高後拉回」型態，此項不適用', '布林型態中性，無明顯訊號（帶寬36.0%, 型態=wide, 位置=upper, 開喇叭=否）', '月線上揚但乖離率達15.8%，過度乖離 -> 葛蘭碧賣點③']",1301,TWSE,63.6,81.48970138668332,76.1321518343275,25.820172112499613,0.35958012537166467,upper,sell_overbought,False,0.0,33.36065573770492,台塑,塑膠工業,73522.0,4171452683.0
21.0,12.0,0.0,6.0,3.0,"['千張大戶持股比例近1週變化 -0.39 個百分點', '股東人數近1週變化 +8.54%（下降代表散戶籌碼流出、籌碼集中）', '近14個交易日三大法人合計買超 1,215 張（約當期成交量 1.8%）', '近23個交易日融資餘額變化 +24.05%（下降代表籌碼較乾淨）', '近期未出現「量增創高後拉回」型態，此項不適用', '布林型態中性，無明顯訊號（帶寬42.6%, 型態=wide, 位置=upper, 開喇叭=否）', '月線上揚但乖離率達29.1%，過度乖離 -> 葛蘭碧賣點③']",3532,TWSE,510.0,89.53614715005911,84.50155515428406,72.3846543856684,0.42645356484402047,upper,sell_overbought,False,0.0,44.86486486486487,台勝科,半導體業,4943.6,2077211210.0
21.0,7.5,0.0,6.0,7.5,"['千張大戶持股比例近1週變化 -0.12 個百分點', '股東人數近1週變化 +1.57%（下降代表散戶籌碼流出、籌碼集中）', '近14個交易日三大法人合計賣超 24,644 張（約當期成交量 -13.4%）', '近23個交易日融資餘額變化 +48.02%（下降代表籌碼較乾淨）', '近期未出現「量增創高後拉回」型態，此項不適用', '布林型態中性，無明顯訊號（帶寬25.1%, 型態=wide, 位置=middle, 開喇叭=否）', '未明顯符合葛蘭碧買賣點規則']",2308,TWSE,1855.0,16.152635660571754,24.048855838372962,-12.661356770118093,0.2509253781257674,middle,neutral,False,26.38888888888889,9.90783410138249,台達電,電子工業,13151.7,26214110751.0
18.5,5.0,0.0,6.0,7.5,"['千張大戶持股比例近2週變化 -0.86 個百分點', '股東人數近2週變化 +5.95%（下降代表散戶籌碼流出、籌碼集中）', '近14個交易日三大法人合計賣超 111,930 張（約當期成交量 -3.6%）', '近23個交易日融資餘額變化 +28.87%（下降代表籌碼較乾淨）', '近期未出現「量增創高後拉回」型態，此項不適用', '布林型態中性，無明顯訊號（帶寬29.1%, 型態=wide, 位置=middle, 開喇叭=否）', '未明顯符合葛蘭碧買賣點規則']",2303,TWSE,151.0,75.65195330171187,79.52355168718418,21.516135089460555,0.2906294996471459,middle,neutral,False,15.406162464985995,21.057192374350095,聯電,半導體業,220375.3,35764790796.0
18.5,5.0,0.0,6.0,7.5,"['千張大戶持股比例近2週變化 -0.29 個百分點', '股東人數近2週變化 +6.19%（下降代表散戶籌碼流出、籌碼集中）', '近14個交易日三大法人合計賣超 16,542 張（約當期成交量 -4.1%）', '近23個交易日融資餘額變化 +22.17%（下降代表籌碼較乾淨）', '近期未出現「量增創高後拉回」型態，此項不適用', '布林型態中性，無明顯訊號（帶寬22.9%, 型態=wide, 位置=middle, 開喇叭=否）', '未明顯符合葛蘭碧買賣點規則']",3711,TWSE,641.0,76.52486686689268,80.1913485520652,11.379794674273471,0.2289255899543654,middle,neutral,False,11.829436038514443,17.441860465116278,日月光投控,半導體業,28562.7,18671228241.0
17.9,5.0,8.0,2.0,3.0,"['千張大戶持股比例近2週變化 -0.34 個百分點', '股東人數近2週變化 +4.19%（下降代表散戶籌碼流出、籌碼集中）', '近14個交易日三大法人合計賣超 58,121 張（約當期成交量 -7.2%）', '近23個交易日融資餘額變化 +179.08%（下降代表籌碼較乾淨）', '近120個交易日內量增創高68.00元（6日前），目前拉回1.5%，尚未拉回到季線附近，歷史慣性拉回幅度中位數約38.5%', '布林剛開喇叭，但三大法人為賣超方向，屬於應避開的型態（準則h）（帶寬37.6%, 型態=wide, 位置=upper, 開喇叭=是）', '月線上揚但乖離率達14.0%，過度乖離 -> 葛蘭碧賣點③']",1326,TWSE,67.0,73.40408597738633,73.17421953193087,28.40373712369241,0.3756491319845474,upper,sell_overbought,True,1.4705882352941175,38.549618320610676,台化,塑膠工業,58014.3,3546248632.0
17.6,7.5,0.0,2.6,7.5,"['千張大戶持股比例近1週變化 -0.01 個百分點', '股東人數近1週變化 +0.88%（下降代表散戶籌碼流出、籌碼集中）', '近14個交易日三大法人合計賣超 2,440 張（約當期成交量 -3.2%）', '近23個交易日融資餘額變化 +34.99%（下降代表籌碼較乾淨）', '近期未出現「量增創高後拉回」型態，此項不適用', '布林剛開喇叭，但三大法人為賣超方向，屬於應避開的型態（準則h）（帶寬35.1%, 型態=wide, 位置=lower, 開喇叭=是）', '未明顯符合葛蘭碧買賣點規則']",2368,TWSE,1015.0,11.302190285226427,20.105258368426764,-22.34123947972456,0.35061603218733667,lower,neutral,False,32.10702341137124,10.345728293192597,金像電,電子工業,5450.3,6638959650.0
17.6,7.5,0.0,2.6,7.5,"['千張大戶持股比例近2週變化 -0.26 個百分點', '股東人數近2週變化 +1.81%（下降代表散戶籌碼流出、籌碼集中）', '近14個交易日三大法人合計賣超 63,800 張（約當期成交量 -24.9%）', '近23個交易日融資餘額變化 +173.67%（下降代表籌碼較乾淨）', '近期未出現「量增創高後拉回」型態，此項不適用', '布林剛開喇叭，但三大法人為賣超方向，屬於應避開的型態（準則h）（帶寬11.2%, 型態=normal, 位置=lower, 開喇叭=是）', '未明顯符合葛蘭碧買賣點規則']",2412,TWSE,133.0,19.16716385278116,34.90752545166966,-4.494045838070726,0.11164094532189095,lower,neutral,False,9.215017064846416,4.296875,中華電,通信網路業,18306.7,2557928690.0
17.6,7.5,0.0,2.6,7.5,"['千張大戶持股比例近2週變化 -1.46 個百分點', '股東人數近2週變化 +3.09%（下降代表散戶籌碼流出、籌碼集中）', '近21個交易日三大法人合計賣超 15,209 張（約當期成交量 -3.0%）', '近23個交易日融資餘額變化 +0.25%（下降代表籌碼較乾淨）', '近期未出現「量增創高後拉回」型態，此項不適用', '布林剛開喇叭，但三大法人為賣超方向，屬於應避開的型態（準則h）（帶寬46.0%, 型態=wide, 位置=lower, 開喇叭=是）', '未明顯符合葛蘭碧買賣點規則']",3105,TPEx,378.5,5.1357496359863966,7.76520596871492,-23.16020977837929,0.4597425447805932,lower,neutral,False,38.6547811993517,36.187845303867405,穩懋,半導體業,24015.9,11039120104.0
16.0,2.5,0.0,6.0,7.5,"['千張大戶持股比例近2週變化 -5.19 個百分點', '股東人數近2週變化 +9.29%（下降代表散戶籌碼流出、籌碼集中）', '近14個交易日三大法人合計賣超 139,343 張（約當期成交量 -10.3%）', '近23個交易日融資餘額變化 +6.84%（下降代表籌碼較乾淨）', '近期未出現「量增創高後拉回」型態，此項不適用', '布林型態中性，無明顯訊號（帶寬36.0%, 型態=wide, 位置=middle, 開喇叭=否）', '未明顯符合葛蘭碧買賣點規則']",2337,TWSE,139.5,30.65696458145948,34.11790632731828,-8.714145490238847,0.3595913747884537,middle,neutral,False,24.797843665768195,22.749326145552562,旺宏,半導體業,96232.9,15289968841.0
16.0,2.5,0.0,6.0,7.5,"['千張大戶持股比例近2週變化 -3.90 個百分點', '股東人數近2週變化 +9.58%（下降代表散戶籌碼流出、籌碼集中）', '近21個交易日三大法人合計賣超 30,251 張（約當期成交量 -4.5%）', '近23個交易日融資餘額變化 +1.61%（下降代表籌碼較乾淨）', '近期未出現「量增創高後拉回」型態，此項不適用', '布林型態中性，無明顯訊號（帶寬40.7%, 型態=wide, 位置=lower, 開喇叭=否）', '未明顯符合葛蘭碧買賣點規則']",6147,TPEx,186.0,45.08669051399231,50.10814600353246,-12.264150943396226,0.4069072818524611,lower,neutral,False,39.11620294599018,13.391557496360992,頎邦,半導體業,31741.8,7058064032.0
15.1,5.0,0.0,2.6,7.5,"['千張大戶持股比例近1週變化 -1.20 個百分點', '股東人數近1週變化 +2.51%（下降代表散戶籌碼流出、籌碼集中）', '近21個交易日三大法人合計賣超 3,627 張（約當期成交量 -5.1%）', '近23個交易日融資餘額變化 +15.27%（下降代表籌碼較乾淨）', '近期未出現「量增創高後拉回」型態，此項不適用', '布林剛開喇叭，但三大法人為賣超方向，屬於應避開的型態（準則h）（帶寬39.4%, 型態=wide, 位置=lower, 開喇叭=是）', '未明顯符合葛蘭碧買賣點規則']",5289,TPEx,1445.0,51.43201266868819,56.5514177203013,-11.190781049935977,0.393709718234477,lower,neutral,False,27.386934673366838,19.575113808801213,宜鼎,電腦及週邊設備業,3377.4,5758314142.0
15.1,5.0,0.0,2.6,7.5,"['千張大戶持股比例近2週變化 -1.37 個百分點', '股東人數近2週變化 +18.33%（下降代表散戶籌碼流出、籌碼集中）', '近14個交易日三大法人合計賣超 36,684 張（約當期成交量 -8.6%）', '近23個交易日融資餘額變化 +12.33%（下降代表籌碼較乾淨）', '近期未出現「量增創高後拉回」型態，此項不適用', '布林剛開喇叭，但三大法人為賣超方向，屬於應避開的型態（準則h）（帶寬25.5%, 型態=wide, 位置=lower, 開喇叭=是）', '未明顯符合葛蘭碧買賣點規則']",3037,TWSE,874.0,53.78731984731995,58.715996061802855,-3.7003030024791155,0.25499238111767286,lower,neutral,False,19.447004608294932,31.322505800464036,欣興,電子工業,30596.2,29164368714.0
15.1,5.0,0.0,2.6,7.5,"['千張大戶持股比例近1週變化 -0.25 個百分點', '股東人數近1週變化 +4.71%（下降代表散戶籌碼流出、籌碼集中）', '近14個交易日三大法人合計賣超 1,702 張（約當期成交量 -3.5%）', '近23個交易日融資餘額變化 +20.29%（下降代表籌碼較乾淨）', '近期未出現「量增創高後拉回」型態，此項不適用', '布林剛開喇叭，但三大法人為賣超方向，屬於應避開的型態（準則h）（帶寬20.9%, 型態=wide, 位置=lower, 開喇叭=是）', '未明顯符合葛蘭碧買賣點規則']",2345,TWSE,2280.0,53.470114394334836,65.66299312199172,-6.118107264180083,0.2089582100494999,lower,neutral,False,17.09090909090909,9.217979719709824,智邦,通信網路業,3480.0,8647984362.0
13.5,0.0,0.0,6.0,7.5,"['千張大戶持股比例近2週變化 -3.41 個百分點', '股東人數近2週變化 +16.63%（下降代表散戶籌碼流出、籌碼集中）', '近14個交易日三大法人合計賣超 144,242 張（約當期成交量 -4.7%）', '近23個交易日融資餘額變化 +10.04%（下降代表籌碼較乾淨）', '近期未出現「量增創高後拉回」型態，此項不適用', '布林型態中性，無明顯訊號（帶寬37.4%, 型態=wide, 位置=lower, 開喇叭=否）', '未明顯符合葛蘭碧買賣點規則']",2344,TWSE,164.5,58.32247473310733,62.8506612136328,10.776897348986486,0.37427770335172567,lower,neutral,False,25.900900900900904,26.530612244897956,華邦電,半導體業,217788.4,43153546697.0
